,Accuracy,Log-Loss,ROC-AUC
RandomForest,0.8283598735380259,0.3829349331939012,0.8835347225889358
XGBoost,0.8347896502899703,0.3450626179811422,0.8940801964910333
LogisticRegression,0.8248831390499836,0.3754274154424842,0.8823919294788515
